<?xml version="1.0" encoding="UTF-8"?>
<!-- Product Version: Vivado v2020.1.1 (64-bit)                   -->
<!--                                                              -->
<!-- Copyright 1986-2020 Xilinx, Inc. All Rights Reserved.        -->

<hwsession version="1" minor="2">
  <device name="xc7a35t_0" gui_info=""/>
  <ObjectList object_type="hw_device" gui_info="">
    <Object name="xc7a35t_0" gui_info="">
      <Properties Property="FULL_PROBES.FILE" value=""/>
      <Properties Property="PROBES.FILE" value=""/>
      <Properties Property="PROGRAM.HW_BITSTREAM" value="C:/Users/peter/Documents/GitHub/Dance-Invaders/bitstreams/mother_board_v7.bit"/>
      <Properties Property="SLR.COUNT" value="1"/>
    </Object>
  </ObjectList>
  <probeset name="hw project" active="false"/>
</hwsession>
