<?xml version="1.0" encoding="UTF-8"?>
<GenRun Id="impl_1" LaunchPart="xc7a35tcpg236-1" LaunchTime="1610560536">
  <File Type="BITSTR-BMM" Name="top_childboard_bd.bmm"/>
  <File Type="OPT-METHODOLOGY-DRC" Name="top_childboard_methodology_drc_opted.rpt"/>
  <File Type="INIT-TIMING" Name="top_childboard_timing_summary_init.rpt"/>
  <File Type="ROUTE-PWR" Name="top_childboard_power_routed.rpt"/>
  <File Type="PA-TCL" Name="top_childboard.tcl"/>
  <File Type="OPT-TIMING" Name="top_childboard_timing_summary_opted.rpt"/>
  <File Type="OPT-DCP" Name="top_childboard_opt.dcp"/>
  <File Type="ROUTE-PWR-SUM" Name="top_childboard_power_summary_routed.pb"/>
  <File Type="REPORTS-TCL" Name="top_childboard_reports.tcl"/>
  <File Type="OPT-DRC" Name="top_childboard_drc_opted.rpt"/>
  <File Type="OPT-HWDEF" Name="top_childboard.hwdef"/>
  <File Type="PWROPT-DCP" Name="top_childboard_pwropt.dcp"/>
  <File Type="PWROPT-DRC" Name="top_childboard_drc_pwropted.rpt"/>
  <File Type="PWROPT-TIMING" Name="top_childboard_timing_summary_pwropted.rpt"/>
  <File Type="PLACE-DCP" Name="top_childboard_placed.dcp"/>
  <File Type="PLACE-IO" Name="top_childboard_io_placed.rpt"/>
  <File Type="PLACE-CLK" Name="top_childboard_clock_utilization_placed.rpt"/>
  <File Type="PLACE-UTIL" Name="top_childboard_utilization_placed.rpt"/>
  <File Type="PLACE-UTIL-PB" Name="top_childboard_utilization_placed.pb"/>
  <File Type="PLACE-CTRL" Name="top_childboard_control_sets_placed.rpt"/>
  <File Type="PLACE-SIMILARITY" Name="top_childboard_incremental_reuse_placed.rpt"/>
  <File Type="PLACE-PRE-SIMILARITY" Name="top_childboard_incremental_reuse_pre_placed.rpt"/>
  <File Type="PLACE-TIMING" Name="top_childboard_timing_summary_placed.rpt"/>
  <File Type="POSTPLACE-PWROPT-DCP" Name="top_childboard_postplace_pwropt.dcp"/>
  <File Type="BG-BIN" Name="top_childboard.bin"/>
  <File Type="POSTPLACE-PWROPT-TIMING" Name="top_childboard_timing_summary_postplace_pwropted.rpt"/>
  <File Type="PHYSOPT-DCP" Name="top_childboard_physopt.dcp"/>
  <File Type="PHYSOPT-DRC" Name="top_childboard_drc_physopted.rpt"/>
  <File Type="BITSTR-MSK" Name="top_childboard.msk"/>
  <File Type="PHYSOPT-TIMING" Name="top_childboard_timing_summary_physopted.rpt"/>
  <File Type="ROUTE-ERROR-DCP" Name="top_childboard_routed_error.dcp"/>
  <File Type="ROUTE-DCP" Name="top_childboard_routed.dcp"/>
  <File Type="ROUTE-BLACKBOX-DCP" Name="top_childboard_routed_bb.dcp"/>
  <File Type="ROUTE-DRC" Name="top_childboard_drc_routed.rpt"/>
  <File Type="ROUTE-DRC-PB" Name="top_childboard_drc_routed.pb"/>
  <File Type="ROUTE-DRC-RPX" Name="top_childboard_drc_routed.rpx"/>
  <File Type="BITSTR-MMI" Name="top_childboard.mmi"/>
  <File Type="ROUTE-METHODOLOGY-DRC" Name="top_childboard_methodology_drc_routed.rpt"/>
  <File Type="ROUTE-METHODOLOGY-DRC-RPX" Name="top_childboard_methodology_drc_routed.rpx"/>
  <File Type="ROUTE-METHODOLOGY-DRC-PB" Name="top_childboard_methodology_drc_routed.pb"/>
  <File Type="ROUTE-PWR-RPX" Name="top_childboard_power_routed.rpx"/>
  <File Type="ROUTE-STATUS" Name="top_childboard_route_status.rpt"/>
  <File Type="ROUTE-STATUS-PB" Name="top_childboard_route_status.pb"/>
  <File Type="ROUTE-TIMINGSUMMARY" Name="top_childboard_timing_summary_routed.rpt"/>
  <File Type="ROUTE-TIMING-PB" Name="top_childboard_timing_summary_routed.pb"/>
  <File Type="ROUTE-TIMING-RPX" Name="top_childboard_timing_summary_routed.rpx"/>
  <File Type="ROUTE-SIMILARITY" Name="top_childboard_incremental_reuse_routed.rpt"/>
  <File Type="ROUTE-CLK" Name="top_childboard_clock_utilization_routed.rpt"/>
  <File Type="ROUTE-BUS-SKEW" Name="top_childboard_bus_skew_routed.rpt"/>
  <File Type="ROUTE-BUS-SKEW-PB" Name="top_childboard_bus_skew_routed.pb"/>
  <File Type="ROUTE-BUS-SKEW-RPX" Name="top_childboard_bus_skew_routed.rpx"/>
  <File Type="POSTROUTE-PHYSOPT-DCP" Name="top_childboard_postroute_physopt.dcp"/>
  <File Type="POSTROUTE-PHYSOPT-BLACKBOX-DCP" Name="top_childboard_postroute_physopt_bb.dcp"/>
  <File Type="POSTROUTE-PHYSOPT-TIMING" Name="top_childboard_timing_summary_postroute_physopted.rpt"/>
  <File Type="POSTROUTE-PHYSOPT-TIMING-PB" Name="top_childboard_timing_summary_postroute_physopted.pb"/>
  <File Type="POSTROUTE-PHYSOPT-TIMING-RPX" Name="top_childboard_timing_summary_postroute_physopted.rpx"/>
  <File Type="POSTROUTE-PHYSOPT-BUS-SKEW" Name="top_childboard_bus_skew_postroute_physopted.rpt"/>
  <File Type="POSTROUTE-PHYSOPT-BUS-SKEW-PB" Name="top_childboard_bus_skew_postroute_physopted.pb"/>
  <File Type="BG-BIT" Name="top_childboard.bit"/>
  <File Type="POSTROUTE-PHYSOPT-BUS-SKEW-RPX" Name="top_childboard_bus_skew_postroute_physopted.rpx"/>
  <File Type="BITSTR-RBT" Name="top_childboard.rbt"/>
  <File Type="BITSTR-NKY" Name="top_childboard.nky"/>
  <File Type="PDI-FILE" Name="top_childboard.pdi"/>
  <File Type="RCFI_FILE" Name="top_childboard.rcfi"/>
  <File Type="CFI_FILE" Name="top_childboard.cfi"/>
  <File Type="RNPI_FILE" Name="top_childboard.rnpi"/>
  <File Type="NPI_FILE" Name="top_childboard.npi"/>
  <File Type="RBD_FILE" Name="top_childboard.rbd"/>
  <File Type="BITSTR-LTX" Name="debug_nets.ltx"/>
  <File Type="BITSTR-LTX" Name="top_childboard.ltx"/>
  <File Type="BITSTR-SYSDEF" Name="top_childboard.sysdef"/>
  <File Type="BG-BGN" Name="top_childboard.bgn"/>
  <File Type="BG-DRC" Name="top_childboard.drc"/>
  <File Type="RDI-RDI" Name="top_childboard.vdi"/>
  <File Type="WBT-USG" Name="usage_statistics_webtalk.html"/>
  <FileSet Name="sources" Type="DesignSrcs" RelSrcDir="$PSRCDIR/sources_1">
    <Filter Type="Srcs"/>
    <File Path="$PSRCDIR/sources_1/imports/imports/debounce.v">
      <FileInfo>
        <Attr Name="ImportPath" Val="$PPRDIR/../Downloads/Dance-Invaders-main/Dance-Invaders-main/modules/imports/debounce.v"/>
        <Attr Name="ImportTime" Val="1610438846"/>
        <Attr Name="UsedIn" Val="synthesis"/>
        <Attr Name="UsedIn" Val="implementation"/>
        <Attr Name="UsedIn" Val="simulation"/>
      </FileInfo>
    </File>
    <File Path="$PSRCDIR/sources_1/imports/88692/Desktop/verilog/demo2/vga.v">
      <FileInfo>
        <Attr Name="ImportPath" Val="$PPRDIR/../Desktop/verilog/demo2/vga.v"/>
        <Attr Name="ImportTime" Val="1606545771"/>
        <Attr Name="UsedIn" Val="synthesis"/>
        <Attr Name="UsedIn" Val="implementation"/>
        <Attr Name="UsedIn" Val="simulation"/>
      </FileInfo>
    </File>
    <File Path="$PSRCDIR/sources_1/imports/headers/constants.svh">
      <FileInfo>
        <Attr Name="ImportPath" Val="$PPRDIR/../Downloads/Dance-Invaders-main/Dance-Invaders-main/headers/constants.svh"/>
        <Attr Name="ImportTime" Val="1610438845"/>
        <Attr Name="UsedIn" Val="synthesis"/>
        <Attr Name="UsedIn" Val="simulation"/>
      </FileInfo>
    </File>
    <File Path="$PSRCDIR/sources_1/imports/headers/typedefs.svh">
      <FileInfo>
        <Attr Name="ImportPath" Val="$PPRDIR/../Downloads/Dance-Invaders-main/Dance-Invaders-main/headers/typedefs.svh"/>
        <Attr Name="ImportTime" Val="1610438845"/>
        <Attr Name="UsedIn" Val="synthesis"/>
        <Attr Name="UsedIn" Val="simulation"/>
      </FileInfo>
    </File>
    <File Path="$PSRCDIR/sources_1/imports/88692/Downloads/Dance-Invaders-main/Dance-Invaders-main/core_modules/alien_pixel_reader.sv">
      <FileInfo>
        <Attr Name="ImportPath" Val="$PPRDIR/../Downloads/Dance-Invaders-main/Dance-Invaders-main/core_modules/alien_pixel_reader.sv"/>
        <Attr Name="ImportTime" Val="1610438843"/>
        <Attr Name="UsedIn" Val="synthesis"/>
        <Attr Name="UsedIn" Val="implementation"/>
        <Attr Name="UsedIn" Val="simulation"/>
      </FileInfo>
    </File>
    <File Path="$PSRCDIR/sources_1/imports/88692/Downloads/Dance-Invaders-main/Dance-Invaders-main/core_modules/alien_renderer.sv">
      <FileInfo>
        <Attr Name="ImportPath" Val="$PPRDIR/../Downloads/Dance-Invaders-main/Dance-Invaders-main/core_modules/alien_renderer.sv"/>
        <Attr Name="ImportTime" Val="1610438843"/>
        <Attr Name="UsedIn" Val="synthesis"/>
        <Attr Name="UsedIn" Val="implementation"/>
        <Attr Name="UsedIn" Val="simulation"/>
      </FileInfo>
    </File>
    <File Path="$PSRCDIR/sources_1/imports/Desktop/async_oneway_receiver.sv">
      <FileInfo>
        <Attr Name="ImportPath" Val="$PPRDIR/../Desktop/async_oneway_receiver.sv"/>
        <Attr Name="ImportTime" Val="1610559464"/>
        <Attr Name="UsedIn" Val="synthesis"/>
        <Attr Name="UsedIn" Val="implementation"/>
        <Attr Name="UsedIn" Val="simulation"/>
      </FileInfo>
    </File>
    <File Path="$PSRCDIR/sources_1/imports/core_modules/layer_background.sv">
      <FileInfo>
        <Attr Name="ImportPath" Val="$PPRDIR/../Downloads/Dance-Invaders-main/Dance-Invaders-main/core_modules/layer_background.sv"/>
        <Attr Name="ImportTime" Val="1610454513"/>
        <Attr Name="UsedIn" Val="synthesis"/>
        <Attr Name="UsedIn" Val="implementation"/>
        <Attr Name="UsedIn" Val="simulation"/>
      </FileInfo>
    </File>
    <File Path="$PSRCDIR/sources_1/imports/88692/Downloads/Dance-Invaders-main/Dance-Invaders-main/core_modules/layer_laser.sv">
      <FileInfo>
        <Attr Name="ImportPath" Val="$PPRDIR/../Downloads/Dance-Invaders-main/Dance-Invaders-main/core_modules/layer_laser.sv"/>
        <Attr Name="ImportTime" Val="1610438843"/>
        <Attr Name="UsedIn" Val="synthesis"/>
        <Attr Name="UsedIn" Val="implementation"/>
        <Attr Name="UsedIn" Val="simulation"/>
      </FileInfo>
    </File>
    <File Path="$PSRCDIR/sources_1/imports/core_modules/layer_object.sv">
      <FileInfo>
        <Attr Name="ImportPath" Val="$PPRDIR/../Downloads/Dance-Invaders-main/Dance-Invaders-main/core_modules/layer_object.sv"/>
        <Attr Name="ImportTime" Val="1610454513"/>
        <Attr Name="UsedIn" Val="synthesis"/>
        <Attr Name="UsedIn" Val="implementation"/>
        <Attr Name="UsedIn" Val="simulation"/>
      </FileInfo>
    </File>
    <File Path="$PSRCDIR/sources_1/imports/88692/Downloads/Dance-Invaders-main/Dance-Invaders-main/core_modules/memory_txt.sv">
      <FileInfo>
        <Attr Name="ImportPath" Val="$PPRDIR/../Downloads/Dance-Invaders-main/Dance-Invaders-main/core_modules/memory_txt.sv"/>
        <Attr Name="ImportTime" Val="1610438843"/>
        <Attr Name="UsedIn" Val="synthesis"/>
        <Attr Name="UsedIn" Val="implementation"/>
        <Attr Name="UsedIn" Val="simulation"/>
      </FileInfo>
    </File>
    <File Path="$PSRCDIR/sources_1/imports/88692/Downloads/Dance-Invaders-main/Dance-Invaders-main/core_modules/output_interface.sv">
      <FileInfo>
        <Attr Name="ImportPath" Val="$PPRDIR/../Downloads/Dance-Invaders-main/Dance-Invaders-main/core_modules/output_interface.sv"/>
        <Attr Name="ImportTime" Val="1610438844"/>
        <Attr Name="UsedIn" Val="synthesis"/>
        <Attr Name="UsedIn" Val="implementation"/>
        <Attr Name="UsedIn" Val="simulation"/>
      </FileInfo>
    </File>
    <File Path="$PSRCDIR/sources_1/imports/88692/Downloads/Dance-Invaders-main/Dance-Invaders-main/core_modules/txt_pixel.sv">
      <FileInfo>
        <Attr Name="ImportPath" Val="$PPRDIR/../Downloads/Dance-Invaders-main/Dance-Invaders-main/core_modules/txt_pixel.sv"/>
        <Attr Name="ImportTime" Val="1610438844"/>
        <Attr Name="UsedIn" Val="synthesis"/>
        <Attr Name="UsedIn" Val="implementation"/>
        <Attr Name="UsedIn" Val="simulation"/>
      </FileInfo>
    </File>
    <File Path="$PSRCDIR/sources_1/imports/Desktop/top_childboard.sv">
      <FileInfo>
        <Attr Name="ImportPath" Val="$PPRDIR/../Desktop/top_childboard.sv"/>
        <Attr Name="ImportTime" Val="1610560174"/>
        <Attr Name="UsedIn" Val="synthesis"/>
        <Attr Name="UsedIn" Val="implementation"/>
        <Attr Name="UsedIn" Val="simulation"/>
      </FileInfo>
    </File>
    <File Path="$PPRDIR/../Downloads/Dance-Invaders-main/Dance-Invaders-main/memory/text.coe">
      <FileInfo>
        <Attr Name="UsedIn" Val="synthesis"/>
        <Attr Name="UsedIn" Val="simulation"/>
      </FileInfo>
    </File>
    <File Path="$PPRDIR/../Downloads/Dance-Invaders-main/Dance-Invaders-main/memory/alien_rom.coe">
      <FileInfo>
        <Attr Name="UsedIn" Val="synthesis"/>
        <Attr Name="UsedIn" Val="simulation"/>
      </FileInfo>
    </File>
    <File Path="$PPRDIR/../Downloads/Dance-Invaders-main/Dance-Invaders-main/memory/Background2.coe">
      <FileInfo>
        <Attr Name="UsedIn" Val="synthesis"/>
        <Attr Name="UsedIn" Val="simulation"/>
      </FileInfo>
    </File>
    <Config>
      <Option Name="DesignMode" Val="RTL"/>
      <Option Name="TopModule" Val="top_childboard"/>
      <Option Name="TopAutoSet" Val="TRUE"/>
    </Config>
  </FileSet>
  <FileSet Name="constrs_in" Type="Constrs" RelSrcDir="$PSRCDIR/constrs_1">
    <Filter Type="Constrs"/>
    <File Path="$PSRCDIR/constrs_1/imports/demo2/Basys3_Master.xdc">
      <FileInfo>
        <Attr Name="ImportPath" Val="$PPRDIR/../Desktop/verilog/demo2/Basys3_Master.xdc"/>
        <Attr Name="ImportTime" Val="1606545771"/>
        <Attr Name="UsedIn" Val="synthesis"/>
        <Attr Name="UsedIn" Val="implementation"/>
      </FileInfo>
    </File>
    <Config>
      <Option Name="ConstrsType" Val="XDC"/>
    </Config>
  </FileSet>
  <FileSet Name="utils" Type="Utils" RelSrcDir="$PSRCDIR/utils_1">
    <Filter Type="Utils"/>
    <Config>
      <Option Name="TopAutoSet" Val="TRUE"/>
    </Config>
  </FileSet>
  <Strategy Version="1" Minor="2">
    <StratHandle Name="Vivado Implementation Defaults" Flow="Vivado Implementation 2020"/>
    <Step Id="init_design"/>
    <Step Id="opt_design"/>
    <Step Id="power_opt_design"/>
    <Step Id="place_design"/>
    <Step Id="post_place_power_opt_design"/>
    <Step Id="phys_opt_design"/>
    <Step Id="route_design"/>
    <Step Id="post_route_phys_opt_design"/>
    <Step Id="write_bitstream"/>
  </Strategy>
  <BlockFileSet Type="BlockSrcs" Name="blk_mem_txt"/>
  <BlockFileSet Type="BlockSrcs" Name="alien_block_mem"/>
  <BlockFileSet Type="BlockSrcs" Name="background_block_mem"/>
</GenRun>
