<?xml version="1.0" encoding="UTF-8"?>
<GenRun Id="impl_1" LaunchPart="xc7a35tcpg236-1" LaunchTime="1610561587" LaunchIncrCheckpoint="$PSRCDIR/utils_1/imports/impl_1/mother_board_routed.dcp">
  <File Type="BITSTR-BMM" Name="mother_board_bd.bmm"/>
  <File Type="OPT-METHODOLOGY-DRC" Name="mother_board_methodology_drc_opted.rpt"/>
  <File Type="INIT-TIMING" Name="mother_board_timing_summary_init.rpt"/>
  <File Type="ROUTE-PWR" Name="mother_board_power_routed.rpt"/>
  <File Type="PA-TCL" Name="mother_board.tcl"/>
  <File Type="OPT-TIMING" Name="mother_board_timing_summary_opted.rpt"/>
  <File Type="OPT-DCP" Name="mother_board_opt.dcp"/>
  <File Type="ROUTE-PWR-SUM" Name="mother_board_power_summary_routed.pb"/>
  <File Type="REPORTS-TCL" Name="mother_board_reports.tcl"/>
  <File Type="OPT-DRC" Name="mother_board_drc_opted.rpt"/>
  <File Type="OPT-HWDEF" Name="mother_board.hwdef"/>
  <File Type="PWROPT-DCP" Name="mother_board_pwropt.dcp"/>
  <File Type="PWROPT-DRC" Name="mother_board_drc_pwropted.rpt"/>
  <File Type="PWROPT-TIMING" Name="mother_board_timing_summary_pwropted.rpt"/>
  <File Type="PLACE-DCP" Name="mother_board_placed.dcp"/>
  <File Type="PLACE-IO" Name="mother_board_io_placed.rpt"/>
  <File Type="PLACE-CLK" Name="mother_board_clock_utilization_placed.rpt"/>
  <File Type="PLACE-UTIL" Name="mother_board_utilization_placed.rpt"/>
  <File Type="PLACE-UTIL-PB" Name="mother_board_utilization_placed.pb"/>
  <File Type="PLACE-CTRL" Name="mother_board_control_sets_placed.rpt"/>
  <File Type="PLACE-SIMILARITY" Name="mother_board_incremental_reuse_placed.rpt"/>
  <File Type="PLACE-PRE-SIMILARITY" Name="mother_board_incremental_reuse_pre_placed.rpt"/>
  <File Type="PLACE-TIMING" Name="mother_board_timing_summary_placed.rpt"/>
  <File Type="POSTPLACE-PWROPT-DCP" Name="mother_board_postplace_pwropt.dcp"/>
  <File Type="BG-BIN" Name="mother_board.bin"/>
  <File Type="POSTPLACE-PWROPT-TIMING" Name="mother_board_timing_summary_postplace_pwropted.rpt"/>
  <File Type="PHYSOPT-DCP" Name="mother_board_physopt.dcp"/>
  <File Type="PHYSOPT-DRC" Name="mother_board_drc_physopted.rpt"/>
  <File Type="BITSTR-MSK" Name="mother_board.msk"/>
  <File Type="PHYSOPT-TIMING" Name="mother_board_timing_summary_physopted.rpt"/>
  <File Type="ROUTE-ERROR-DCP" Name="mother_board_routed_error.dcp"/>
  <File Type="ROUTE-DCP" Name="mother_board_routed.dcp"/>
  <File Type="ROUTE-BLACKBOX-DCP" Name="mother_board_routed_bb.dcp"/>
  <File Type="ROUTE-DRC" Name="mother_board_drc_routed.rpt"/>
  <File Type="ROUTE-DRC-PB" Name="mother_board_drc_routed.pb"/>
  <File Type="ROUTE-DRC-RPX" Name="mother_board_drc_routed.rpx"/>
  <File Type="BITSTR-MMI" Name="mother_board.mmi"/>
  <File Type="ROUTE-METHODOLOGY-DRC" Name="mother_board_methodology_drc_routed.rpt"/>
  <File Type="ROUTE-METHODOLOGY-DRC-RPX" Name="mother_board_methodology_drc_routed.rpx"/>
  <File Type="ROUTE-METHODOLOGY-DRC-PB" Name="mother_board_methodology_drc_routed.pb"/>
  <File Type="ROUTE-PWR-RPX" Name="mother_board_power_routed.rpx"/>
  <File Type="ROUTE-STATUS" Name="mother_board_route_status.rpt"/>
  <File Type="ROUTE-STATUS-PB" Name="mother_board_route_status.pb"/>
  <File Type="ROUTE-TIMINGSUMMARY" Name="mother_board_timing_summary_routed.rpt"/>
  <File Type="ROUTE-TIMING-PB" Name="mother_board_timing_summary_routed.pb"/>
  <File Type="ROUTE-TIMING-RPX" Name="mother_board_timing_summary_routed.rpx"/>
  <File Type="ROUTE-SIMILARITY" Name="mother_board_incremental_reuse_routed.rpt"/>
  <File Type="ROUTE-CLK" Name="mother_board_clock_utilization_routed.rpt"/>
  <File Type="ROUTE-BUS-SKEW" Name="mother_board_bus_skew_routed.rpt"/>
  <File Type="ROUTE-BUS-SKEW-PB" Name="mother_board_bus_skew_routed.pb"/>
  <File Type="ROUTE-BUS-SKEW-RPX" Name="mother_board_bus_skew_routed.rpx"/>
  <File Type="POSTROUTE-PHYSOPT-DCP" Name="mother_board_postroute_physopt.dcp"/>
  <File Type="POSTROUTE-PHYSOPT-BLACKBOX-DCP" Name="mother_board_postroute_physopt_bb.dcp"/>
  <File Type="POSTROUTE-PHYSOPT-TIMING" Name="mother_board_timing_summary_postroute_physopted.rpt"/>
  <File Type="POSTROUTE-PHYSOPT-TIMING-PB" Name="mother_board_timing_summary_postroute_physopted.pb"/>
  <File Type="POSTROUTE-PHYSOPT-TIMING-RPX" Name="mother_board_timing_summary_postroute_physopted.rpx"/>
  <File Type="POSTROUTE-PHYSOPT-BUS-SKEW" Name="mother_board_bus_skew_postroute_physopted.rpt"/>
  <File Type="POSTROUTE-PHYSOPT-BUS-SKEW-PB" Name="mother_board_bus_skew_postroute_physopted.pb"/>
  <File Type="BG-BIT" Name="mother_board.bit"/>
  <File Type="POSTROUTE-PHYSOPT-BUS-SKEW-RPX" Name="mother_board_bus_skew_postroute_physopted.rpx"/>
  <File Type="BITSTR-RBT" Name="mother_board.rbt"/>
  <File Type="BITSTR-NKY" Name="mother_board.nky"/>
  <File Type="PDI-FILE" Name="mother_board.pdi"/>
  <File Type="RCFI_FILE" Name="mother_board.rcfi"/>
  <File Type="CFI_FILE" Name="mother_board.cfi"/>
  <File Type="RNPI_FILE" Name="mother_board.rnpi"/>
  <File Type="NPI_FILE" Name="mother_board.npi"/>
  <File Type="RBD_FILE" Name="mother_board.rbd"/>
  <File Type="BITSTR-LTX" Name="debug_nets.ltx"/>
  <File Type="BITSTR-LTX" Name="mother_board.ltx"/>
  <File Type="BITSTR-SYSDEF" Name="mother_board.sysdef"/>
  <File Type="BG-BGN" Name="mother_board.bgn"/>
  <File Type="BG-DRC" Name="mother_board.drc"/>
  <File Type="RDI-RDI" Name="mother_board.vdi"/>
  <File Type="WBT-USG" Name="usage_statistics_webtalk.html"/>
  <FileSet Name="sources" Type="DesignSrcs" RelSrcDir="$PSRCDIR/sources_1">
    <Filter Type="Srcs"/>
    <File Path="$PSRCDIR/sources_1/new/typedefs.svh">
      <FileInfo>
        <Attr Name="IsGlobalInclude" Val="1"/>
        <Attr Name="UsedIn" Val="synthesis"/>
        <Attr Name="UsedIn" Val="simulation"/>
      </FileInfo>
    </File>
    <File Path="$PSRCDIR/sources_1/new/constants.svh">
      <FileInfo>
        <Attr Name="IsGlobalInclude" Val="1"/>
        <Attr Name="UsedIn" Val="synthesis"/>
        <Attr Name="UsedIn" Val="simulation"/>
      </FileInfo>
    </File>
    <File Path="$PSRCDIR/sources_1/new/LFSR.v">
      <FileInfo>
        <Attr Name="UsedIn" Val="synthesis"/>
        <Attr Name="UsedIn" Val="implementation"/>
        <Attr Name="UsedIn" Val="simulation"/>
      </FileInfo>
    </File>
    <File Path="$PSRCDIR/sources_1/new/clock_divider_5s.v">
      <FileInfo>
        <Attr Name="UsedIn" Val="synthesis"/>
        <Attr Name="UsedIn" Val="implementation"/>
        <Attr Name="UsedIn" Val="simulation"/>
      </FileInfo>
    </File>
    <File Path="$PSRCDIR/sources_1/new/clock_wizard.v">
      <FileInfo>
        <Attr Name="UsedIn" Val="synthesis"/>
        <Attr Name="UsedIn" Val="implementation"/>
        <Attr Name="UsedIn" Val="simulation"/>
      </FileInfo>
    </File>
    <File Path="$PSRCDIR/sources_1/imports/lab8_template/onepulse.v">
      <FileInfo>
        <Attr Name="ImportPath" Val="$PPRDIR/../Documents/Verilog/lab8_template/onepulse.v"/>
        <Attr Name="ImportTime" Val="1604755250"/>
        <Attr Name="UsedIn" Val="synthesis"/>
        <Attr Name="UsedIn" Val="implementation"/>
        <Attr Name="UsedIn" Val="simulation"/>
      </FileInfo>
    </File>
    <File Path="$PSRCDIR/sources_1/imports/Basys_3_UART/receiver.v">
      <FileInfo>
        <Attr Name="ImportPath" Val="$PPRDIR/../Receiver_sim/Receiver_sim.srcs/sources_1/imports/Basys_3_UART/receiver.v"/>
        <Attr Name="ImportTime" Val="1607961975"/>
        <Attr Name="UsedIn" Val="synthesis"/>
        <Attr Name="UsedIn" Val="implementation"/>
        <Attr Name="UsedIn" Val="simulation"/>
      </FileInfo>
    </File>
    <File Path="$PSRCDIR/sources_1/imports/new/scoreboard.v">
      <FileInfo>
        <Attr Name="ImportPath" Val="$PPRDIR/../scoreboard/scoreboard.srcs/sources_1/new/scoreboard.v"/>
        <Attr Name="ImportTime" Val="1606890076"/>
        <Attr Name="UsedIn" Val="synthesis"/>
        <Attr Name="UsedIn" Val="implementation"/>
        <Attr Name="UsedIn" Val="simulation"/>
      </FileInfo>
    </File>
    <File Path="$PSRCDIR/sources_1/new/seven_segment.v">
      <FileInfo>
        <Attr Name="UsedIn" Val="synthesis"/>
        <Attr Name="UsedIn" Val="implementation"/>
        <Attr Name="UsedIn" Val="simulation"/>
      </FileInfo>
    </File>
    <File Path="$PSRCDIR/sources_1/new/async_oneway_transmitter.sv">
      <FileInfo>
        <Attr Name="UsedIn" Val="synthesis"/>
        <Attr Name="UsedIn" Val="implementation"/>
        <Attr Name="UsedIn" Val="simulation"/>
      </FileInfo>
    </File>
    <File Path="$PSRCDIR/sources_1/new/clock_divider_10Hz.sv">
      <FileInfo>
        <Attr Name="UsedIn" Val="synthesis"/>
        <Attr Name="UsedIn" Val="implementation"/>
        <Attr Name="UsedIn" Val="simulation"/>
      </FileInfo>
    </File>
    <File Path="$PSRCDIR/sources_1/new/control_core.sv">
      <FileInfo>
        <Attr Name="UsedIn" Val="synthesis"/>
        <Attr Name="UsedIn" Val="implementation"/>
        <Attr Name="UsedIn" Val="simulation"/>
      </FileInfo>
    </File>
    <File Path="$PSRCDIR/sources_1/new/event_core.sv">
      <FileInfo>
        <Attr Name="UsedIn" Val="synthesis"/>
        <Attr Name="UsedIn" Val="implementation"/>
        <Attr Name="UsedIn" Val="simulation"/>
      </FileInfo>
    </File>
    <File Path="$PSRCDIR/sources_1/new/mother_board.sv">
      <FileInfo>
        <Attr Name="UsedIn" Val="synthesis"/>
        <Attr Name="UsedIn" Val="implementation"/>
        <Attr Name="UsedIn" Val="simulation"/>
      </FileInfo>
    </File>
    <File Path="$PSRCDIR/sources_1/imports/data_transmission/sender.v">
      <FileInfo>
        <Attr Name="AutoDisabled" Val="1"/>
        <Attr Name="ImportPath" Val="$PPRDIR/../Documents/GitHub/Dance-Invaders/data_transmission/sender.v"/>
        <Attr Name="ImportTime" Val="1609603144"/>
        <Attr Name="UsedIn" Val="synthesis"/>
        <Attr Name="UsedIn" Val="implementation"/>
        <Attr Name="UsedIn" Val="simulation"/>
      </FileInfo>
    </File>
    <File Path="$PSRCDIR/sources_1/ip/blk_mem_txt/blk_mem_txt.xci">
      <FileInfo>
        <Attr Name="AutoDisabled" Val="1"/>
        <Attr Name="UsedIn" Val="synthesis"/>
        <Attr Name="UsedIn" Val="implementation"/>
        <Attr Name="UsedIn" Val="simulation"/>
      </FileInfo>
    </File>
    <File Path="$PSRCDIR/sources_1/ip/alien_block_mem/alien_block_mem.xci">
      <FileInfo>
        <Attr Name="AutoDisabled" Val="1"/>
        <Attr Name="UsedIn" Val="synthesis"/>
        <Attr Name="UsedIn" Val="implementation"/>
        <Attr Name="UsedIn" Val="simulation"/>
      </FileInfo>
    </File>
    <File Path="$PSRCDIR/sources_1/imports/demo1/vga.v">
      <FileInfo>
        <Attr Name="AutoDisabled" Val="1"/>
        <Attr Name="ImportPath" Val="$PPRDIR/../Documents/Verilog/VGASampleCode/VGASampleCode/demo1/vga.v"/>
        <Attr Name="ImportTime" Val="1510734284"/>
        <Attr Name="UsedIn" Val="synthesis"/>
        <Attr Name="UsedIn" Val="implementation"/>
        <Attr Name="UsedIn" Val="simulation"/>
      </FileInfo>
    </File>
    <File Path="$PSRCDIR/sources_1/new/alien_pixel_reader.sv">
      <FileInfo>
        <Attr Name="AutoDisabled" Val="1"/>
        <Attr Name="UsedIn" Val="synthesis"/>
        <Attr Name="UsedIn" Val="implementation"/>
        <Attr Name="UsedIn" Val="simulation"/>
      </FileInfo>
    </File>
    <File Path="$PSRCDIR/sources_1/new/alien_renderer.sv">
      <FileInfo>
        <Attr Name="AutoDisabled" Val="1"/>
        <Attr Name="UsedIn" Val="synthesis"/>
        <Attr Name="UsedIn" Val="implementation"/>
        <Attr Name="UsedIn" Val="simulation"/>
      </FileInfo>
    </File>
    <File Path="$PSRCDIR/sources_1/new/layer_background.sv">
      <FileInfo>
        <Attr Name="AutoDisabled" Val="1"/>
        <Attr Name="UsedIn" Val="synthesis"/>
        <Attr Name="UsedIn" Val="implementation"/>
        <Attr Name="UsedIn" Val="simulation"/>
      </FileInfo>
    </File>
    <File Path="$PSRCDIR/sources_1/new/layer_laser.sv">
      <FileInfo>
        <Attr Name="AutoDisabled" Val="1"/>
        <Attr Name="UsedIn" Val="synthesis"/>
        <Attr Name="UsedIn" Val="implementation"/>
        <Attr Name="UsedIn" Val="simulation"/>
      </FileInfo>
    </File>
    <File Path="$PSRCDIR/sources_1/new/layer_object.sv">
      <FileInfo>
        <Attr Name="AutoDisabled" Val="1"/>
        <Attr Name="UsedIn" Val="synthesis"/>
        <Attr Name="UsedIn" Val="implementation"/>
        <Attr Name="UsedIn" Val="simulation"/>
      </FileInfo>
    </File>
    <File Path="$PSRCDIR/sources_1/imports/core_modules/memory_txt.sv">
      <FileInfo>
        <Attr Name="AutoDisabled" Val="1"/>
        <Attr Name="ImportPath" Val="$PPRDIR/../Documents/GitHub/Dance-Invaders/core_modules/memory_txt.sv"/>
        <Attr Name="ImportTime" Val="1610098357"/>
        <Attr Name="UsedIn" Val="synthesis"/>
        <Attr Name="UsedIn" Val="implementation"/>
        <Attr Name="UsedIn" Val="simulation"/>
      </FileInfo>
    </File>
    <File Path="$PSRCDIR/sources_1/new/output_interface.sv">
      <FileInfo>
        <Attr Name="AutoDisabled" Val="1"/>
        <Attr Name="UsedIn" Val="synthesis"/>
        <Attr Name="UsedIn" Val="implementation"/>
        <Attr Name="UsedIn" Val="simulation"/>
      </FileInfo>
    </File>
    <File Path="$PSRCDIR/sources_1/imports/core_modules/txt_pixel.sv">
      <FileInfo>
        <Attr Name="AutoDisabled" Val="1"/>
        <Attr Name="ImportPath" Val="$PPRDIR/../Documents/GitHub/Dance-Invaders/core_modules/txt_pixel.sv"/>
        <Attr Name="ImportTime" Val="1610100458"/>
        <Attr Name="UsedIn" Val="synthesis"/>
        <Attr Name="UsedIn" Val="implementation"/>
        <Attr Name="UsedIn" Val="simulation"/>
      </FileInfo>
    </File>
    <File Path="$PSRCDIR/sources_1/new/debounce.v">
      <FileInfo>
        <Attr Name="AutoDisabled" Val="1"/>
        <Attr Name="UsedIn" Val="synthesis"/>
        <Attr Name="UsedIn" Val="implementation"/>
        <Attr Name="UsedIn" Val="simulation"/>
      </FileInfo>
    </File>
    <File Path="$PSRCDIR/sources_1/imports/data_transmission/receiver.v">
      <FileInfo>
        <Attr Name="AutoDisabled" Val="1"/>
        <Attr Name="ImportPath" Val="$PPRDIR/../Documents/GitHub/Dance-Invaders/data_transmission/receiver.v"/>
        <Attr Name="ImportTime" Val="1609603144"/>
        <Attr Name="UsedIn" Val="synthesis"/>
        <Attr Name="UsedIn" Val="implementation"/>
        <Attr Name="UsedIn" Val="simulation"/>
      </FileInfo>
    </File>
    <File Path="$PPRDIR/../Documents/Verilog/Final Resources/memory_dump/alien_rom.coe">
      <FileInfo>
        <Attr Name="UsedIn" Val="synthesis"/>
        <Attr Name="UsedIn" Val="simulation"/>
      </FileInfo>
    </File>
    <File Path="$PPRDIR/../Documents/GitHub/Dance-Invaders/memory/text.coe">
      <FileInfo>
        <Attr Name="UsedIn" Val="synthesis"/>
        <Attr Name="UsedIn" Val="simulation"/>
      </FileInfo>
    </File>
    <File Path="$PPRDIR/../Documents/Verilog/Final Resources/coe_dump/Background.coe">
      <FileInfo>
        <Attr Name="UsedIn" Val="synthesis"/>
        <Attr Name="UsedIn" Val="simulation"/>
      </FileInfo>
    </File>
    <File Path="$PPRDIR/../Documents/Verilog/Final Resources/coe_dump/Background2.coe">
      <FileInfo>
        <Attr Name="UsedIn" Val="synthesis"/>
        <Attr Name="UsedIn" Val="simulation"/>
      </FileInfo>
    </File>
    <File Path="$PSRCDIR/sources_1/new/async_oneway_receiver.sv">
      <FileInfo>
        <Attr Name="AutoDisabled" Val="1"/>
        <Attr Name="UsedIn" Val="synthesis"/>
        <Attr Name="UsedIn" Val="implementation"/>
        <Attr Name="UsedIn" Val="simulation"/>
      </FileInfo>
    </File>
    <File Path="$PSRCDIR/sources_1/imports/core_modules/top_childboard.sv">
      <FileInfo>
        <Attr Name="AutoDisabled" Val="1"/>
        <Attr Name="ImportPath" Val="$PPRDIR/../Documents/GitHub/Dance-Invaders/core_modules/top_childboard.sv"/>
        <Attr Name="ImportTime" Val="1610455620"/>
        <Attr Name="UsedIn" Val="synthesis"/>
        <Attr Name="UsedIn" Val="implementation"/>
        <Attr Name="UsedIn" Val="simulation"/>
      </FileInfo>
    </File>
    <Config>
      <Option Name="DesignMode" Val="RTL"/>
      <Option Name="TopModule" Val="mother_board"/>
    </Config>
  </FileSet>
  <FileSet Name="constrs_in" Type="Constrs" RelSrcDir="$PSRCDIR/constrs_1">
    <Filter Type="Constrs"/>
    <File Path="$PSRCDIR/constrs_1/imports/Verilog/Basys3_Constraints.xdc">
      <FileInfo>
        <Attr Name="ImportPath" Val="$PPRDIR/../Documents/Verilog/Basys3_Constraints.xdc"/>
        <Attr Name="ImportTime" Val="1602682712"/>
        <Attr Name="UsedIn" Val="synthesis"/>
        <Attr Name="UsedIn" Val="implementation"/>
      </FileInfo>
    </File>
    <Config>
      <Option Name="ConstrsType" Val="XDC"/>
    </Config>
  </FileSet>
  <FileSet Name="utils" Type="Utils" RelSrcDir="$PSRCDIR/utils_1">
    <Filter Type="Utils"/>
    <File Path="$PSRCDIR/utils_1/imports/impl_1/mother_board_routed.dcp">
      <FileInfo>
        <Attr Name="ImportPath" Val="$PRUNDIR/impl_1/mother_board_routed.dcp"/>
        <Attr Name="ImportTime" Val="1610561585"/>
        <Attr Name="UsedIn" Val="synthesis"/>
        <Attr Name="UsedIn" Val="implementation"/>
        <Attr Name="UsedInSteps" Val="impl_1"/>
        <Attr Name="AutoDcp" Val="1"/>
      </FileInfo>
    </File>
    <Config>
      <Option Name="TopAutoSet" Val="TRUE"/>
    </Config>
  </FileSet>
  <Strategy Version="1" Minor="2">
    <StratHandle Name="Vivado Implementation Defaults" Flow="Vivado Implementation 2020"/>
    <Step Id="init_design"/>
    <Step Id="opt_design"/>
    <Step Id="power_opt_design"/>
    <Step Id="place_design"/>
    <Step Id="post_place_power_opt_design"/>
    <Step Id="phys_opt_design"/>
    <Step Id="route_design"/>
    <Step Id="post_route_phys_opt_design"/>
    <Step Id="write_bitstream"/>
  </Strategy>
</GenRun>
