<?xml version="1.0" encoding="UTF-8"?>
<GenRun Id="synth_1" LaunchPart="xc7a35tcpg236-1" LaunchTime="1610563335">
  <File Type="PA-TCL" Name="top_childboard.tcl"/>
  <File Type="RDS-PROPCONSTRS" Name="top_childboard_drc_synth.rpt"/>
  <File Type="REPORTS-TCL" Name="top_childboard_reports.tcl"/>
  <File Type="RDS-RDS" Name="top_childboard.vds"/>
  <File Type="RDS-UTIL" Name="top_childboard_utilization_synth.rpt"/>
  <File Type="RDS-UTIL-PB" Name="top_childboard_utilization_synth.pb"/>
  <File Type="RDS-DCP" Name="top_childboard.dcp"/>
  <File Type="VDS-TIMINGSUMMARY" Name="top_childboard_timing_summary_synth.rpt"/>
  <File Type="VDS-TIMING-PB" Name="top_childboard_timing_summary_synth.pb"/>
  <FileSet Name="sources" Type="DesignSrcs" RelSrcDir="$PSRCDIR/sources_1">
    <Filter Type="Srcs"/>
    <File Path="$PSRCDIR/sources_1/imports/88692/Downloads/Dance-Invaders-main/Dance-Invaders-main/modules/imports/debounce.v">
      <FileInfo>
        <Attr Name="ImportPath" Val="$PPRDIR/../Downloads/Dance-Invaders-main/Dance-Invaders-main/modules/imports/debounce.v"/>
        <Attr Name="ImportTime" Val="1610438846"/>
        <Attr Name="UsedIn" Val="synthesis"/>
        <Attr Name="UsedIn" Val="implementation"/>
        <Attr Name="UsedIn" Val="simulation"/>
      </FileInfo>
    </File>
    <File Path="$PSRCDIR/sources_1/imports/88692/Desktop/verilog/demo2/vga.v">
      <FileInfo>
        <Attr Name="ImportPath" Val="$PPRDIR/../Desktop/verilog/demo2/vga.v"/>
        <Attr Name="ImportTime" Val="1606545771"/>
        <Attr Name="UsedIn" Val="synthesis"/>
        <Attr Name="UsedIn" Val="implementation"/>
        <Attr Name="UsedIn" Val="simulation"/>
      </FileInfo>
    </File>
    <File Path="$PSRCDIR/sources_1/imports/88692/Downloads/Dance-Invaders-main/Dance-Invaders-main/headers/constants.svh">
      <FileInfo>
        <Attr Name="ImportPath" Val="$PPRDIR/../Downloads/Dance-Invaders-main/Dance-Invaders-main/headers/constants.svh"/>
        <Attr Name="ImportTime" Val="1610438845"/>
        <Attr Name="UsedIn" Val="synthesis"/>
        <Attr Name="UsedIn" Val="simulation"/>
      </FileInfo>
    </File>
    <File Path="$PSRCDIR/sources_1/imports/88692/Downloads/Dance-Invaders-main/Dance-Invaders-main/headers/typedefs.svh">
      <FileInfo>
        <Attr Name="ImportPath" Val="$PPRDIR/../Downloads/Dance-Invaders-main/Dance-Invaders-main/headers/typedefs.svh"/>
        <Attr Name="ImportTime" Val="1610438845"/>
        <Attr Name="UsedIn" Val="synthesis"/>
        <Attr Name="UsedIn" Val="simulation"/>
      </FileInfo>
    </File>
    <File Path="$PSRCDIR/sources_1/imports/88692/Downloads/Dance-Invaders-main/Dance-Invaders-main/core_modules/alien_pixel_reader.sv">
      <FileInfo>
        <Attr Name="ImportPath" Val="$PPRDIR/../Downloads/Dance-Invaders-main/Dance-Invaders-main/core_modules/alien_pixel_reader.sv"/>
        <Attr Name="ImportTime" Val="1610438843"/>
        <Attr Name="UsedIn" Val="synthesis"/>
        <Attr Name="UsedIn" Val="implementation"/>
        <Attr Name="UsedIn" Val="simulation"/>
      </FileInfo>
    </File>
    <File Path="$PSRCDIR/sources_1/imports/88692/Downloads/Dance-Invaders-main/Dance-Invaders-main/core_modules/alien_renderer.sv">
      <FileInfo>
        <Attr Name="ImportPath" Val="$PPRDIR/../Downloads/Dance-Invaders-main/Dance-Invaders-main/core_modules/alien_renderer.sv"/>
        <Attr Name="ImportTime" Val="1610438843"/>
        <Attr Name="UsedIn" Val="synthesis"/>
        <Attr Name="UsedIn" Val="implementation"/>
        <Attr Name="UsedIn" Val="simulation"/>
      </FileInfo>
    </File>
    <File Path="$PSRCDIR/sources_1/imports/88692/Desktop/async_oneway_receiver.sv">
      <FileInfo>
        <Attr Name="ImportPath" Val="$PPRDIR/../Desktop/async_oneway_receiver.sv"/>
        <Attr Name="ImportTime" Val="1610559464"/>
        <Attr Name="UsedIn" Val="synthesis"/>
        <Attr Name="UsedIn" Val="implementation"/>
        <Attr Name="UsedIn" Val="simulation"/>
      </FileInfo>
    </File>
    <File Path="$PSRCDIR/sources_1/imports/core_modules/layer_background.sv">
      <FileInfo>
        <Attr Name="ImportPath" Val="$PPRDIR/../Downloads/Dance-Invaders-main/Dance-Invaders-main/core_modules/layer_background.sv"/>
        <Attr Name="ImportTime" Val="1610454513"/>
        <Attr Name="UsedIn" Val="synthesis"/>
        <Attr Name="UsedIn" Val="implementation"/>
        <Attr Name="UsedIn" Val="simulation"/>
      </FileInfo>
    </File>
    <File Path="$PSRCDIR/sources_1/imports/88692/Downloads/Dance-Invaders-main/Dance-Invaders-main/core_modules/layer_laser.sv">
      <FileInfo>
        <Attr Name="ImportPath" Val="$PPRDIR/../Downloads/Dance-Invaders-main/Dance-Invaders-main/core_modules/layer_laser.sv"/>
        <Attr Name="ImportTime" Val="1610438843"/>
        <Attr Name="UsedIn" Val="synthesis"/>
        <Attr Name="UsedIn" Val="implementation"/>
        <Attr Name="UsedIn" Val="simulation"/>
      </FileInfo>
    </File>
    <File Path="$PSRCDIR/sources_1/imports/core_modules/layer_object.sv">
      <FileInfo>
        <Attr Name="ImportPath" Val="$PPRDIR/../Downloads/Dance-Invaders-main/Dance-Invaders-main/core_modules/layer_object.sv"/>
        <Attr Name="ImportTime" Val="1610454513"/>
        <Attr Name="UsedIn" Val="synthesis"/>
        <Attr Name="UsedIn" Val="implementation"/>
        <Attr Name="UsedIn" Val="simulation"/>
      </FileInfo>
    </File>
    <File Path="$PSRCDIR/sources_1/imports/88692/Downloads/Dance-Invaders-main/Dance-Invaders-main/core_modules/memory_txt.sv">
      <FileInfo>
        <Attr Name="ImportPath" Val="$PPRDIR/../Downloads/Dance-Invaders-main/Dance-Invaders-main/core_modules/memory_txt.sv"/>
        <Attr Name="ImportTime" Val="1610438843"/>
        <Attr Name="UsedIn" Val="synthesis"/>
        <Attr Name="UsedIn" Val="implementation"/>
        <Attr Name="UsedIn" Val="simulation"/>
      </FileInfo>
    </File>
    <File Path="$PSRCDIR/sources_1/imports/88692/Downloads/Dance-Invaders-main/Dance-Invaders-main/core_modules/output_interface.sv">
      <FileInfo>
        <Attr Name="ImportPath" Val="$PPRDIR/../Downloads/Dance-Invaders-main/Dance-Invaders-main/core_modules/output_interface.sv"/>
        <Attr Name="ImportTime" Val="1610438844"/>
        <Attr Name="UsedIn" Val="synthesis"/>
        <Attr Name="UsedIn" Val="implementation"/>
        <Attr Name="UsedIn" Val="simulation"/>
      </FileInfo>
    </File>
    <File Path="$PSRCDIR/sources_1/imports/88692/Downloads/Dance-Invaders-main/Dance-Invaders-main/core_modules/txt_pixel.sv">
      <FileInfo>
        <Attr Name="ImportPath" Val="$PPRDIR/../Downloads/Dance-Invaders-main/Dance-Invaders-main/core_modules/txt_pixel.sv"/>
        <Attr Name="ImportTime" Val="1610438844"/>
        <Attr Name="UsedIn" Val="synthesis"/>
        <Attr Name="UsedIn" Val="implementation"/>
        <Attr Name="UsedIn" Val="simulation"/>
      </FileInfo>
    </File>
    <File Path="$PSRCDIR/sources_1/imports/88692/Desktop/top_childboard.sv">
      <FileInfo>
        <Attr Name="ImportPath" Val="$PPRDIR/../Desktop/top_childboard.sv"/>
        <Attr Name="ImportTime" Val="1610560174"/>
        <Attr Name="UsedIn" Val="synthesis"/>
        <Attr Name="UsedIn" Val="implementation"/>
        <Attr Name="UsedIn" Val="simulation"/>
      </FileInfo>
    </File>
    <File Path="$PPRDIR/../Downloads/Dance-Invaders-main/Dance-Invaders-main/memory/text.coe">
      <FileInfo>
        <Attr Name="UsedIn" Val="synthesis"/>
        <Attr Name="UsedIn" Val="simulation"/>
      </FileInfo>
    </File>
    <File Path="$PPRDIR/../Downloads/Dance-Invaders-main/Dance-Invaders-main/memory/alien_rom.coe">
      <FileInfo>
        <Attr Name="UsedIn" Val="synthesis"/>
        <Attr Name="UsedIn" Val="simulation"/>
      </FileInfo>
    </File>
    <File Path="$PPRDIR/../Downloads/Dance-Invaders-main/Dance-Invaders-main/memory/Background.coe">
      <FileInfo>
        <Attr Name="UsedIn" Val="synthesis"/>
        <Attr Name="UsedIn" Val="simulation"/>
      </FileInfo>
    </File>
    <File Path="$PPRDIR/../Downloads/Dance-Invaders-main/Dance-Invaders-main/memory/Background2.coe">
      <FileInfo>
        <Attr Name="UsedIn" Val="synthesis"/>
        <Attr Name="UsedIn" Val="simulation"/>
      </FileInfo>
    </File>
    <Config>
      <Option Name="DesignMode" Val="RTL"/>
      <Option Name="TopModule" Val="top_childboard"/>
      <Option Name="TopAutoSet" Val="TRUE"/>
    </Config>
  </FileSet>
  <FileSet Name="constrs_in" Type="Constrs" RelSrcDir="$PSRCDIR/constrs_1">
    <Filter Type="Constrs"/>
    <File Path="$PSRCDIR/constrs_1/imports/Desktop/Basys3_Master.xdc">
      <FileInfo>
        <Attr Name="ImportPath" Val="$PPRDIR/../Desktop/Basys3_Master.xdc"/>
        <Attr Name="ImportTime" Val="1610441856"/>
        <Attr Name="UsedIn" Val="synthesis"/>
        <Attr Name="UsedIn" Val="implementation"/>
      </FileInfo>
    </File>
    <Config>
      <Option Name="ConstrsType" Val="XDC"/>
    </Config>
  </FileSet>
  <FileSet Name="utils" Type="Utils" RelSrcDir="$PSRCDIR/utils_1">
    <Filter Type="Utils"/>
    <Config>
      <Option Name="TopAutoSet" Val="TRUE"/>
    </Config>
  </FileSet>
  <Strategy Version="1" Minor="2">
    <StratHandle Name="Vivado Synthesis Defaults" Flow="Vivado Synthesis 2020"/>
    <Step Id="synth_design"/>
  </Strategy>
  <BlockFileSet Type="BlockSrcs" Name="blk_mem_txt"/>
  <BlockFileSet Type="BlockSrcs" Name="alien_block_mem"/>
  <BlockFileSet Type="BlockSrcs" Name="background_block_mem"/>
</GenRun>
